{
    "model_name": "Model_base",
    "new_model": true,
    "step_config": {
        "has_pre_length": true,
        "global_time_period": 0.1,
        "basic_amp_table": [
            [
                0.0,
                0.0
            ],
            [
                0.1,
                1.0
            ]
        ],
        "amp_type": "smooth step",
        "only_use_amp_table": false
    },
    "material": {
        "density": 2.7e-09,
        "young": 69000.0,
        "possion": 0.37,
        "has_damping": true,
        "alpha": 130,
        "plastic_str": "[(155.2387948, 0.0), (157.2580093, 0.000240422), (159.0641836, 0.000565474), (160.7413561, 0.000913373), (162.3659012, 0.001341927), (163.9012821, 0.001871773), (165.3514806, 0.00236361), (166.7479583, 0.002846528), (168.0804994, 0.003420002), (170.3955656, 0.003910109), (171.483574, 0.0044491), (172.5161607, 0.005127747), (173.5806354, 0.005904094), (174.5560144, 0.006701704), (175.4000434, 0.007511661), (176.3259781, 0.008318971), (177.1454839, 0.00912814), (177.8864309, 0.009869521), (178.6629142, 0.010727636), (179.4187407, 0.011614992), (180.1240757, 0.012591187), (180.8709855, 0.013565402), (181.5335261, 0.014442568), (182.1445537, 0.01532997), (182.8367231, 0.016283154), (183.4655953, 0.017256476), (184.0663523, 0.018219723), (184.6787899, 0.019240305), (185.2549637, 0.020133911), (185.7591619, 0.021077132), (186.3321057, 0.022163796), (186.8248449, 0.023183113), (187.2607698, 0.024261002), (187.6971593, 0.025337696), (188.0326923, 0.026386549), (188.3327999, 0.027464177), (188.5352856, 0.028388233), (188.6662972, 0.02937111), (188.727776, 0.030132647), (188.7496429, 0.030904199)]"
    },
    "friction_coeff": 0.1,
    "mould_file": "C:/Optimizing_bending_parameter/data/model/test0/mould.stp",
    "simulation_root": "simulation",
    "cae_name": "main",
    "mass_scaling": 200,
    "clamp_half_length": 5,
    "cpu_num": 16,
    "output_file": "C:\\Optimizing_bending_parameter\\data\\model\\test0\\script_create_model.py",
    "strip_section_shape": [
        [
            -0.2,
            -2.0
        ],
        [
            0,
            2.0
        ]
    ],
    "strip_length": 50,
    "mesh_num": [
        60,
        2,
        6
    ],
    "param_list": [
        [
            0.1,
            0.0,
            0.0,
            0.0,
            0.0,
            0.0
        ],
        [
            -0.1521150846325554,
            11.984517959837767,
            0.0,
            0.0,
            0.0,
            0.03903410176695613
        ],
        [
            -0.19125764149265478,
            4.746996046981309,
            0.0,
            0.0,
            0.0,
            0.016519475424908704
        ]
    ],
    "cae_path": "C:/Optimizing_bending_parameter/data/model/test0/simulation/main.cae"
}